Dioxazine Purple,Cadmium Yellow Medium,Yellow Green,Quinacridone Red
0.423529412,1,0.333333333,0.819607843
0.184313725,0.807843137,0.768627451,0.121568627
0.556862745,0.098039216,0.305882353,0.419607843
1,1,1,1
