Cadmium Red Light,Titanium White,Titanium White,Titanium White
0.996078431,0.952941176,0.952941176,0.952941176
0.243137255,0.956862745,0.956862745,0.956862745
0.152941176,0.968627451,0.968627451,0.968627451
1,1.0,1.0,1.0
